"Distance [mm]","Mag_B [tesla]"
0,3.92584468963753e-05
0.0259811,1.22486475835206
0.0519622,1.2163952684477
0.0779433,1.20806621405094
0.1039244,1.19987401961325
0.1299055,1.19181516078097
0.1558866,1.18388616439514
0.1818677,1.17608360849174
0.2078488,1.16840412230153
0.2338299,1.16084438625005
0.259811,1.1534011319577
0.2857921,1.14607114223975
0.3117732,1.13885125110618
0.3377543,1.13173834376192
0.3637354,1.12472935660664
0.3897165,1.11782127723485
0.4156976,1.11101114443586
0.4416787,1.10429604819388
0.4676598,1.09767312968785
0.4936409,1.0911395812916
0.519622,1.08469264657376
0.5456031,1.07832962029776
0.5715842,1.07204784842186
0.5975653,1.06584472809919
0.6235464,1.05971770767765
0.6495275,1.05366428669998
0.6755086,1.04768201590376
0.7014897,1.04176849722136
0.7274708,1.03592138377999
0.7534519,1.03013837990166
0.779433,1.02441724110327
0.8054141,1.01875577409646
0.8313952,1.01315183678775
0.8573763,1.00760333827847
0.8833574,1.00210823886473
0.9093385,0.996664550037504
0.9353196,0.991270334482608
0.9613007,0.985923706080643
0.9872818,0.980622829907039
1.0132629,0.975365922232066
1.039244,0.970151250520794
1.0652251,0.964977133433113
1.0912062,0.959841940823777
1.1171873,0.95474409374232
1.1431684,0.949682064433118
1.1691495,0.94465437633537
1.1951306,0.939659604083085
1.2211117,0.934696373505083
1.2470928,0.929763361625071
1.2730739,0.924859296661494
1.299055,0.919982958027685
1.3250361,0.915133176331768
1.3510172,0.910308833376694
1.3769983,0.90550886216022
1.4029794,0.900732246874982
1.4289605,0.895978022908367
1.4549416,0.891245276842639
1.4809227,0.886533146454865
1.5069038,0.881840820716926
1.5328849,0.877167539795532
1.558866,0.872512595052212
1.5848471,0.867875329043333
1.6108282,0.863255135520082
1.6368093,0.858651459428454
1.6627904,0.854063796909278
1.6887715,0.849491695298188
1.7147526,0.844934753125662
1.7407337,0.840392620116995
1.7667148,0.835864997192306
1.7926959,0.831351636466538
1.818677,0.82685234124944
1.8446581,0.822366966045607
1.8706392,0.817895416554428
1.8966203,0.813437649670146
1.9226014,0.808993673481815
1.9485825,0.804563547273313
1.9745636,0.800147381523324
2.0005447,0.795745337905381
2.0265258,0.79135762928782
2.0525069,0.786984519733782
2.078488,0.782626324501306
2.1044691,0.778283410043176
2.1304502,0.773956194007022
2.1564313,0.769645145235311
2.1824124,0.766354309393463
2.2083935,0.763569094370413
2.2343746,0.760785122311132
2.2603557,0.758002392900106
2.2863368,0.75522090584764
2.3123179,0.752440660889833
2.338299,0.749661657788588
2.3642801,0.746883896331607
2.3902612,0.744107376332418
2.4162423,0.741332097630321
2.4422234,0.738558060090442
2.4682045,0.735785263603692
2.4941856,0.733013708086803
2.5201667,0.730243393482284
2.5461478,0.727474319758487
2.5721289,0.724706486909528
2.59811,0.721939894955351
2.6240911,0.719174543941687
2.6500722,0.716410433940082
2.6760533,0.713647565047869
2.7020344,0.710885937388208
2.7280155,0.708125551110049
2.7539966,0.705366406388139
2.7799777,0.702608503423034
2.8059588,0.699851842441095
2.8319399,0.69709642369448
2.857921,0.694342247461154
2.8839021,0.691589314044894
2.9098832,0.688837623775267
2.9358643,0.686087177007641
2.9618454,0.6833379741232
2.9878265,0.68059001552892
3.0138076,0.677843301657574
3.0397887,0.67509783296777
3.0657698,0.672353609943887
3.0917509,0.669610633096113
3.117732,0.666868902960447
3.1437131,0.664128420098686
3.1696942,0.66138918509842
3.1956753,0.658651198573074
3.2216564,0.655914461161845
3.2476375,0.653071539934416
3.2736186,0.649919492477522
3.2995997,0.64675569467273
3.3255808,0.643580145797448
3.3515619,0.64039284531533
3.377543,0.637193792876193
3.4035241,0.63398298831607
3.4295052,0.630760431657195
3.4554863,0.627526123108012
3.4814674,0.62428006306314
3.5074485,0.621022252103442
3.5334296,0.617752690995958
3.5594107,0.614471380693921
3.5853918,0.611178322336784
3.6113729,0.607873517250201
3.637354,0.604556966946014
3.6633351,0.601228673122281
3.6893162,0.597888637663262
3.7152973,0.594536862639408
3.7412784,0.591173350307379
3.7672595,0.587798103110044
3.7932406,0.584411123676449
3.8192217,0.58101241482188
3.8452028,0.577601979547799
3.8711839,0.574179821041874
3.897165,0.570745942677976
3.9231461,0.567300348016181
3.9491272,0.563843040802766
3.9751083,0.560374024970203
4.0010894,0.556893304637185
4.0270705,0.553400884108587
4.0530516,0.549896767875492
4.0790327,0.54638096061519
4.1050138,0.542853467191174
4.1309949,0.539314292653118
4.156976,0.536293670340101
4.1829571,0.534451257467105
4.2089382,0.532615310693677
4.2349193,0.530785826774593
4.2609004,0.528962802524574
4.2868815,0.527146234818268
4.3128626,0.525336120590283
4.3388437,0.523532456835165
4.3648248,0.52173524060739
4.3908059,0.519944469021387
4.416787,0.518160139251525
4.4427681,0.516382248532103
4.4687492,0.514610794157388
4.4947303,0.51284577348157
4.5207114,0.511087183918775
4.5466925,0.509335022943085
4.5726736,0.507589288088521
4.5986547,0.505849976949032
4.6246358,0.504117087178528
4.6506169,0.502390616490862
4.676598,0.500670562659808
4.7025791,0.498956923519095
4.7285602,0.497249696962396
4.7545413,0.495548880943317
4.7805224,0.493854473475412
4.8065035,0.492166472632187
4.8324846,0.490484876547064
4.8584657,0.488809683413429
4.8844468,0.487140891484602
4.9104279,0.485478499073841
4.936409,0.483822504554355
4.9623901,0.482172906359287
4.9883712,0.480529702981726
5.0143523,0.478892892974701
5.0403334,0.477262474951185
5.0663145,0.475638447584083
5.0922956,0.47402080960626
5.1182767,0.47240955981051
5.1442578,0.470804697049573
5.1702389,0.469206220236125
5.19622,0.46761412834279
5.2222011,0.466028420402129
5.2481822,0.464449095506657
5.2741633,0.462876152808813
5.3001444,0.46130959152099
5.3261255,0.459749410915518
5.3521066,0.458195610324671
5.3780877,0.456648189140665
5.4040688,0.455107146815654
5.4300499,0.453572482861734
5.456031,0.45204419685096
5.4820121,0.450522288415299
5.5079932,0.44900675724668
5.5339743,0.447497603096968
5.5599554,0.445994825777974
5.5859365,0.44449842516144
5.6119176,0.443008401179072
5.6378987,0.441524753822489
5.6638798,0.440047483143272
5.6898609,0.438576589252937
5.715842,0.43711207232294
5.7418231,0.435653932584682
5.7678042,0.434202170329513
5.7937853,0.432756785908711
5.8197664,0.431317779733501
5.8457475,0.429885152275055
5.8717286,0.428458904064473
5.8977097,0.427039035692819
5.9236908,0.425625547811078
5.9496719,0.42421844113019
5.975653,0.422817716421028
6.0016341,0.421423374514415
6.0276152,0.420035416301103
6.0535963,0.418653842731804
6.0795774,0.417278654817157
6.1055585,0.415909853627752
6.1315396,0.414547440294113
6.1575207,0.413191416006713
6.1835018,0.411841782015956
6.2094829,0.410498539632204
6.235464,0.409161690225747
6.2614451,0.407831235226827
6.2874262,0.406507176125618
6.3134073,0.405189514472244
6.3393884,0.403851023228072
6.3653695,0.402515734533479
6.3913506,0.40119648106371
6.4173317,0.39988463825569
6.4433128,0.398613085174522
6.4692939,0.397417688263948
6.495275,0.396225737501758
6.5212561,0.395037232784109
6.5472372,0.393852174008896
6.5732183,0.392670561075776
6.5991994,0.391492393886176
6.6251805,0.390317672343267
6.6511616,0.389146396351977
6.6771427,0.387978565819006
6.7031238,0.386814180652799
6.7291049,0.385653240763563
6.755086,0.384495746063263
6.7810671,0.383341696465618
6.8070482,0.382191091886107
6.8330293,0.381043932241972
6.8590104,0.379900217452208
6.8849915,0.378759947437565
6.9109726,0.377623122120549
6.9369537,0.376489741425437
6.9629348,0.375359805278248
6.9889159,0.37423331360677
7.014897,0.373110266340543
7.0408781,0.371990663410866
7.0668592,0.370874504750799
7.0928403,0.36976179029515
7.1188214,0.368652519980496
7.1448025,0.367546693745161
7.1707836,0.36644431152924
7.1967647,0.365345373274579
7.2227458,0.364249878924773
7.2487269,0.363157828425186
7.274708,0.362069221722941
7.3006891,0.360984058766905
7.3266702,0.359902339507719
7.3526513,0.358824063897778
7.3786324,0.357749231891226
7.4046135,0.356677843443969
7.4305946,0.355609898513676
7.4565757,0.35454539705976
7.4825568,0.353484339043412
7.5085379,0.35242672442757
7.534519,0.351372553176921
7.5605001,0.350321825257923
7.5864812,0.34927454063879
7.6124623,0.348230699289481
7.6384434,0.347190301181734
7.6644245,0.346153346289028
7.6904056,0.345119834586605
7.7163867,0.344089766051468
7.7423678,0.34306314066237
7.7683489,0.342039958399823
7.79433,0.341020219246106
7.8203111,0.340003923185253
7.8462922,0.338991070203041
7.8722733,0.337981660287021
7.8982544,0.336975693426501
7.9242355,0.335973169612533
7.9502166,0.334974088837945
7.9761977,0.333978451097311
8.0021788,0.332986256386965
8.0281599,0.331997504705
8.054141,0.331012196051265
8.0801221,0.330030330427363
8.1061032,0.329051907836667
8.1320843,0.328076928284299
8.1580654,0.327105391777137
8.1840465,0.326137298323819
8.2100276,0.325172647934743
8.2360087,0.324211440622058
8.2619898,0.323253676399684
8.2879709,0.322299355283286
8.313952,0.321348477290291
8.3399331,0.320401042439884
8.3659142,0.319457050753009
8.3918953,0.318516502252362
8.4178764,0.317579396962406
8.4438575,0.316645734909353
8.4698386,0.315715516121181
8.4958197,0.314788740627615
8.5218008,0.313865408460146
8.5477819,0.312945519652018
8.573763,0.312032289410843
8.5997441,0.311123726679507
8.6257252,0.310215153793305
8.6517063,0.309306570699649
8.6776874,0.308397977346488
8.7036685,0.30748937368231
8.7296496,0.30658075965613
8.7556307,0.305672135217518
8.7816118,0.304763500316574
8.8075929,0.303854854903931
8.833574,0.302946198930764
8.8595551,0.302037532348788
8.8855362,0.301128855110247
8.9115173,0.30022016716794
8.9374984,0.299311468475189
8.9634795,0.298402758985854
8.9894606,0.297494038654343
9.0154417,0.296585307435592
9.0414228,0.295676565285074
9.0674039,0.294767812158811
9.093385,0.293859048013356
9.1193661,0.292950272805796
9.1453472,0.292041486493758
9.1713283,0.291132689035414
9.1973094,0.29022388038946
9.2232905,0.289315060515146
9.2492716,0.288406229372249
9.2752527,0.287497386921082
9.3012338,0.286588533122507
9.3272149,0.285679667937916
9.353196,0.284770791329231
9.3791771,0.28386190325893
9.4051582,0.282953003690018
9.4311393,0.282044092586036
9.4571204,0.281135169911069
9.4831015,0.280226235629734
9.5090826,0.279317289707186
9.5350637,0.278408332109126
9.5610448,0.277499362801788
9.5870259,0.276590381751937
9.613007,0.275681388926884
9.6389881,0.27477238429448
9.6649692,0.273863367823098
9.6909503,0.272954339481671
9.7169314,0.272045299239654
9.7429125,0.271136247067048
9.7688936,0.270378645558831
9.7948747,0.269621565107975
9.8208558,0.268865005713609
9.8468369,0.2681089673749
9.872818,0.267353450091019
9.8987991,0.266598453861177
9.9247802,0.265843978684604
9.9507613,0.265090024560556
9.9767424,0.264336591488315
10.0027235,0.263583679467193
10.0287046,0.262831288496516
10.0546857,0.262079418575645
10.0806668,0.261328069703962
10.1066479,0.260577241880877
10.132629,0.259826935105819
10.1586101,0.259077149378246
10.1845912,0.258327884697648
10.2105723,0.257579141063529
10.2365534,0.256830918475425
10.2625345,0.256083216932895
10.2885156,0.255336036435523
10.3144967,0.254589376982919
10.3404778,0.253843238574718
10.3664589,0.253097621210579
10.39244,0.252352524890189
10.4184211,0.251607949613257
10.4444022,0.25086389537952
10.4703833,0.250120362188737
10.4963644,0.249377350040699
10.5223455,0.248634858935212
10.5483266,0.247892888872114
10.5743077,0.247151439851269
10.6002888,0.246410511872561
10.6262699,0.245670104935901
10.652251,0.244930219041234
10.6782321,0.244190854188515
10.7042132,0.243452010377735
10.7301943,0.242713687608905
10.7561754,0.241975885882067
10.7821565,0.241238605197278
10.8081376,0.240501845554635
10.8341187,0.239765606954247
10.8600998,0.239029889396253
10.8860809,0.238294692880817
10.912062,0.23756001740813
10.9380431,0.236825862978404
10.9640242,0.236092229591886
10.9900053,0.235359117248833
11.0159864,0.234626525949539
11.0419675,0.233894455694319
11.0679486,0.233162906483513
11.0939297,0.232431878317487
11.1199108,0.231701371196636
11.1458919,0.230971385121372
11.171873,0.230241920092137
11.1978541,0.229512976109398
11.2238352,0.228784553173649
11.2498163,0.228056651285403
11.2757974,0.227329270445209
11.3017785,0.226602410653629
11.3277596,0.225876071911257
11.3537407,0.225150254218712
11.3797218,0.224424957576637
11.4057029,0.223700181985699
11.431684,0.222975927446595
11.4576651,0.222252193960042
11.4836462,0.221528981526782
11.5096273,0.220806290147587
11.5356084,0.22008411982325
11.5615895,0.21936247055459
11.5875706,0.218641342342457
11.6135517,0.217920735187716
11.6395328,0.217200649091262
11.6655139,0.216481084054018
11.691495,0.215762040076929
11.7174761,0.215043517160966
11.7434572,0.214325515307125
11.7694383,0.213608034516427
11.7954194,0.212891074789919
11.8214005,0.212174636128672
11.8473816,0.211458718533785
11.8733627,0.210743322006378
11.8993438,0.2100284465476
11.9253249,0.209314092158622
11.951306,0.208600258840643
11.9772871,0.207886946594885
12.0032682,0.207174155422598
12.0292493,0.206461885325053
12.0552304,0.20575013630355
12.0812115,0.205038908359415
12.1071926,0.204328201493994
12.1331737,0.203618015708662
12.1591548,0.202908351004818
12.1851359,0.202199207383888
12.211117,0.20149058484732
12.2370981,0.200782483396593
12.2630792,0.200074903033203
12.2890603,0.199367843758677
12.3150414,0.198661305574567
12.3410225,0.197955288482447
12.3670036,0.197249792483917
12.3929847,0.19654481758061
12.4189658,0.19584036377417
12.4449469,0.195136431066277
12.470928,0.194433019458633
12.4969091,0.193730128952965
12.5228902,0.193027759551023
12.5488713,0.192325911254591
12.5748524,0.191624584065465
12.6008335,0.190923777985476
12.6268146,0.190223493016477
12.6527957,0.189523729160347
12.6787768,0.188824486418986
12.7047579,0.18812576479433
12.730739,0.187427564288327
12.7567201,0.186729884902958
12.7827012,0.186032726640228
12.8086823,0.185336089502166
12.8346634,0.184639973490826
12.8606445,0.183944378608293
12.8866256,0.183249304856666
12.9126067,0.182554752238078
12.9385878,0.181860720754686
12.9645689,0.181167210408669
12.99055,0.180474221202232
13.0165311,0.179868637709782
13.0425122,0.179263156803649
13.0684933,0.178657778477935
13.0944744,0.178052502726775
13.1204555,0.177447329544342
13.1464366,0.176842258924846
13.1724177,0.176237290862534
13.1983988,0.175632425351688
13.2243799,0.175027662386631
13.250361,0.174423001961719
13.2763421,0.173818444071346
13.3023232,0.173213988709945
13.3283043,0.172609635871982
13.3542854,0.172005385551964
13.3802665,0.171401237744431
13.4062476,0.170797192443964
13.4322287,0.170193249645177
13.4582098,0.169589409342724
13.4841909,0.168985671531293
13.510172,0.168382036205613
13.5361531,0.167778503360446
13.5621342,0.167175072990591
13.5881153,0.166571745090886
13.6140964,0.165968519656208
13.6400775,0.165365396681463
13.6660586,0.164762376161604
13.6920397,0.164159458091612
13.7180208,0.163556642466511
13.7440019,0.162953929281358
13.769983,0.162351318531251
13.7959641,0.161748810211319
13.8219452,0.161146404316735
13.8479263,0.160544100842703
13.8739074,0.159941899784467
13.8998885,0.159339801137307
13.9258696,0.158737804896539
13.9518507,0.158135911057518
13.9778318,0.157534119615636
14.0038129,0.156932430566319
14.029794,0.156330843905032
14.0557751,0.155729359627276
14.0817562,0.155127977728591
14.1077373,0.154526698204549
14.1337184,0.153925521050768
14.1596995,0.153324446262892
14.1856806,0.152723473836609
14.2116617,0.152122603767642
14.2376428,0.151521836051751
14.2636239,0.150921170684732
14.289605,0.15032060766242
14.3155861,0.149720146980685
14.3415672,0.149119788635434
14.3675483,0.148519532622611
14.3935294,0.147919378938199
14.4195105,0.147319327578215
14.4454916,0.146719378538716
14.4714727,0.146119531815791
14.4974538,0.145519787405571
14.5234349,0.144920145304221
14.549416,0.144320605507945
14.5753971,0.143721168012981
14.6013782,0.143121832815607
14.6273593,0.142522599912136
14.6533404,0.141923469298918
14.6793215,0.14132444097234
14.7053026,0.140725514928827
14.7312837,0.14012669116484
14.7572648,0.139527969676878
14.7832459,0.138929350461473
14.809227,0.1383308335152
14.8352081,0.137732418834666
14.8611892,0.137134106416517
14.8871703,0.136535896257435
14.9131514,0.13593778835414
14.9391325,0.13533978270339
14.9651136,0.134741879301976
14.9910947,0.134144078146729
15.0170758,0.133546379234515
15.0430569,0.13294878256224
15.069038,0.132351288126843
15.0950191,0.131753895925303
15.1210002,0.131156605954634
15.1469813,0.130559418211888
15.1729624,0.129962332694153
15.1989435,0.129365349398556
15.2249246,0.128768468322258
15.2509057,0.128171689462459
15.2768868,0.127575012816394
15.3028679,0.126978438381337
15.328849,0.126381966154597
15.3548301,0.125785596133522
15.3808112,0.125189328315495
15.4067923,0.124593162697939
15.4327734,0.123997099278308
15.4587545,0.123401138054096
15.4847356,0.122805279022838
15.5107167,0.122209522182101
15.5366978,0.121613867529489
15.5626789,0.121018315062647
15.58866,0.120422864779252
15.6146411,0.119827516677019
15.6406222,0.119232270753701
15.6666033,0.11863712700709
15.6925844,0.11804208543501
15.7185655,0.117447146035329
15.7445466,0.116852308805942
15.7705277,0.116257573744787
15.7965088,0.115662940849842
15.8224899,0.115068410119116
15.848471,0.114473981550656
15.8744521,0.11387965514255
15.9004332,0.113285430892918
15.9264143,0.112691308799918
15.9523954,0.112097288861746
15.9783765,0.111503371076636
16.0043576,0.110909555442857
16.0303387,0.110315841958716
16.0563198,0.109722230622556
16.0823009,0.109128721432754
16.108282,0.108535314387731
16.1342631,0.107942009485941
16.1602442,0.107348806725873
16.1862253,0.106755706106057
16.2122064,0.106162707625057
16.2381875,0.105569811281473
16.2641686,0.104977017073945
16.2901497,0.104384325001148
16.3161308,0.103792143373622
16.3421119,0.103200151437363
16.368093,0.102608138619686
16.3940741,0.102033892048662
16.4200552,0.101565858057954
16.4460363,0.101097476720459
16.4720174,0.100628748034701
16.4979985,0.100159671999208
16.5239796,0.0996902486125097
16.5499607,0.0992204778731375
16.5759418,0.0987503597796277
16.6019229,0.0982798943305175
16.627904,0.0978090815243487
16.6538851,0.0973379213596639
16.6798662,0.09686641383501
16.7058473,0.0963945589489338
16.7318284,0.0959223566999872
16.7578095,0.0954498070867248
16.7837906,0.0949769101077027
16.8097717,0.0945036657614801
16.8357528,0.0940300740466197
16.8617339,0.0935561349616846
16.887715,0.0930818485052427
16.9136961,0.0926072146758637
16.9396772,0.0921322334721209
16.9656583,0.0916569048925879
16.9916394,0.0911812289358444
17.0176205,0.0907052056004692
17.0436016,0.0902288348850448
17.0695827,0.0897521167881591
17.0955638,0.0892750513084002
17.1215449,0.0887976384443587
17.147526,0.0883198781946291
17.1735071,0.0878417705578066
17.1994882,0.0873633155324909
17.2254693,0.0868845131172837
17.2514504,0.0864053633107889
17.2774315,0.0859258661116145
17.3034126,0.0854460215183704
17.3293937,0.0849658295296676
17.3553748,0.0844852901441209
17.3813559,0.0840044033603499
17.407337,0.0835231691769747
17.4333181,0.083041587592617
17.4592992,0.0825596586059037
17.4852803,0.0820773822154618
17.5112614,0.0815947584199229
17.5372425,0.0811117872179208
17.5632236,0.0806284686080915
17.5892047,0.0801448025890748
17.6151858,0.0796607891595117
17.6411669,0.0791764283180456
17.667148,0.0786917200633243
17.6931291,0.0782066643939964
17.7191102,0.0777212613087159
17.7450913,0.0772355108061363
17.7710724,0.0767494128849169
17.7970535,0.0762629675437158
17.8230346,0.0757761747811968
17.8490157,0.0752890345960255
17.8749968,0.0748015469868698
17.9009779,0.0743137119524003
17.926959,0.073825529491292
17.9529401,0.0733369996022197
17.9789212,0.0728481222838619
18.0049023,0.0723588975348997
18.0308834,0.0718693253540191
18.0568645,0.0713794057399057
18.0828456,0.0708891386912494
18.1088267,0.0703985242067426
18.1348078,0.0699075622850788
18.1607889,0.0694162529249561
18.18677,0.0689245961250747
18.2127511,0.0684325918841373
18.2387322,0.0679402402008496
18.2647133,0.0674475410739193
18.2906944,0.0669544945020561
18.3166755,0.066461100483974
18.3426566,0.06596735901839
18.3686377,0.0654732701040221
18.3946188,0.0649788337395917
18.4205999,0.0644840499238232
18.446581,0.0639889186554424
18.4725621,0.0634934399331789
18.4985432,0.0629976137557647
18.5245243,0.0625014401219345
18.5505054,0.0620049190304253
18.5764865,0.061508050479978
18.6024676,0.061010834469334
18.6284487,0.0605132709972387
18.6544298,0.0600153600624407
18.6804109,0.0595171016636901
18.706392,0.0590184957997403
18.7323731,0.0585195424693476
18.7583542,0.0580202416712695
18.7843353,0.0575205934042678
18.8103164,0.0570205976671061
18.8362975,0.0565202544585513
18.8622786,0.0560195637773723
18.8882597,0.0555185256223419
18.9142408,0.0550171399922328
18.9402219,0.0545154068858221
18.966203,0.0540133263018915
18.9921841,0.0535108982392224
19.0181652,0.0530081226966
19.0441463,0.0525049996728126
19.0701274,0.0520015291666496
19.0961085,0.0514977111769045
19.1220896,0.0509935457023732
19.1480707,0.050489032741854
19.1740518,0.0499841722941481
19.2000329,0.0494789643580592
19.226014,0.0489734089323934
19.2519951,0.04846750601596
19.2779762,0.0479612556075703
19.3039573,0.0474546577060393
19.3299384,0.0469477123101835
19.3559195,0.0464404194188232
19.3819006,0.0459327790307798
19.4078817,0.0454247911448788
19.4338628,0.0449164557599478
19.4598439,0.0443963877398977
19.485825,0.0438664881631
19.5118061,0.0435857443156297
19.5377872,0.043306466876619
19.5637683,0.0430273159591701
19.5897494,0.0427482915575645
19.6157305,0.0424693936662335
19.6417116,0.0421906222797567
19.6676927,0.0419119773928627
19.6936738,0.0416334590004301
19.7196549,0.0413550670974857
19.745636,0.0410768016792069
19.7716171,0.0407986627409198
19.7975982,0.0405206502781003
19.8235793,0.0402427642863733
19.8495604,0.039965004761513
19.8755415,0.0396873716994431
19.9015226,0.0394098650962357
19.9275037,0.0391324849481147
19.9534848,0.0388552312514514
19.9794659,0.0385781040027661
20.005447,0.0383011031987297
20.0314281,0.0380242288361612
20.0574092,0.0377474809120299
20.0833903,0.0374708594234543
20.1093714,0.0371943643677018
20.1353525,0.0369179957421896
20.1613336,0.0366417535444845
20.1873147,0.0363656377723018
20.2132958,0.036089648423505
20.2392769,0.0358137854961108
20.265258,0.035538048988282
20.2912391,0.0352624388983311
20.3172202,0.0349869552247219
20.3432013,0.0347115979660646
20.3691824,0.0344363671211209
20.3951635,0.034161262688801
20.4211446,0.0338862846681649
20.4471257,0.0336114330584213
20.4731068,0.0333367078589293
20.4990879,0.0330621090691954
20.525069,0.0327876366888769
20.5510501,0.0325132907177814
20.5770312,0.0322390711558639
20.6030123,0.0319649780032296
20.6289934,0.0316910112601334
20.6549745,0.0314171709269778
20.6809556,0.0311434570043166
20.7069367,0.0308698694928521
20.7329178,0.0305964083934362
20.7588989,0.0303230737070699
20.78488,0.0300498654349042
20.8108611,0.029776783578238
20.8368422,0.029503828138521
20.8628233,0.0292309991173507
20.8888044,0.028958296516476
20.9147855,0.0286857203377939
20.9407666,0.0284132705833505
20.9667477,0.0281409472553419
20.9927288,0.027868750356113
21.0187099,0.0275966798881583
21.044691,0.0273247358541217
21.0706721,0.0270529182567963
21.0966532,0.0267812270991246
21.1226343,0.0265096623841988
21.1486154,0.0262382241152592
21.1745965,0.0259669122956968
21.2005776,0.0256957269290516
21.2265587,0.0254246680190127
21.2525398,0.0251537355694184
21.2785209,0.0248829295842571
21.304502,0.0246122500676653
21.3304831,0.0243416970239298
21.3564642,0.0240712704574864
21.3824453,0.0238009703729204
21.4084264,0.0235307967749663
21.4344075,0.0232607496685082
21.4603886,0.0229908290585792
21.4863697,0.0227210349503609
21.5123508,0.0224513673491864
21.5383319,0.0221818262605366
21.564313,0.0219124116900421
21.5902941,0.021643123643483
21.6162752,0.021373962126788
21.6422563,0.0211049271460359
21.6682374,0.0208360187074545
21.6942185,0.0205672368174214
21.7201996,0.0202985814824628
21.7461807,0.0200300527092552
21.7721618,0.0197616505046231
21.7981429,0.0194933748755409
21.824124,0.0192252258291337
21.8501051,0.0189572033726743
21.8760862,0.018689307513585
21.9020673,0.0184215382594382
21.9280484,0.0181538956179546
21.9540295,0.0178863795970051
21.9800106,0.0176189902046097
22.0059917,0.0173517274489377
22.0319728,0.0170845913383077
22.0579539,0.0168175818811879
22.083935,0.0165506990861952
22.1099161,0.0162839429620967
22.1358972,0.0160173135178075
22.1618783,0.0157508107623939
22.1878594,0.01548443470507
22.2138405,0.0152181853552005
22.2398216,0.0149520627222979
22.2658027,0.0146860668160252
22.2917838,0.0144201976461944
22.3177649,0.014154455222767
22.343746,0.0138888395558534
22.3697271,0.0136233506557138
22.3957082,0.0133579885327576
22.4216893,0.0130927531975434
22.4476704,0.0128276446607787
22.4736515,0.0125626629333219
22.4996326,0.0122978080261792
22.5256137,0.0120330799505069
22.5515948,0.0117684787176099
22.5775759,0.0115040043389431
22.603557,0.0112396568261106
22.6295381,0.0109726270831649
22.6555192,0.0106901456730536
22.6815003,0.0104076206913673
22.7074814,0.0101250521107925
22.7334625,0.00984243990378326
22.7594436,0.00978670858119204
22.7854247,0.00973090044346767
22.8114058,0.00967486408975669
22.8373869,0.00961859193168195
22.863368,0.00956207655461036
22.8893491,0.00950531071765285
22.9153302,0.00944828735366446
22.9413113,0.00939099956924421
22.9672924,0.00933344064473525
22.9932735,0.00927560403422475
23.0192546,0.00921748336554402
23.0452357,0.00915907244026815
23.0712168,0.00910036523371639
23.0971979,0.00904135589495245
23.123179,0.00898203874678367
23.1491601,0.00892240828576151
23.1751412,0.00886245918218172
23.2011223,0.0088021862800835
23.2271034,0.00874158459725075
23.2530845,0.00868064932521113
23.2790656,0.00861937582923646
23.3050467,0.00855775964834251
23.3310278,0.00849579649528929
23.3570089,0.00843348225658056
23.38299,0.00837081299246436
23.4089711,0.00830778493693266
23.4349522,0.00824439449772174
23.4609333,0.00818063825631164
23.4869144,0.00811651296792667
23.5128955,0.00805201556153486
23.5388766,0.00798714313984872
23.5648577,0.00792189297932455
23.5908388,0.00785626253016279
23.6168199,0.0077902494163079
23.642801,0.00772385143544853
23.6687821,0.00765706655901707
23.6947632,0.00758989293219022
23.7207443,0.0075223288738886
23.7467254,0.00745437287677712
23.7727065,0.00738602360726459
23.7986876,0.00731727990550386
23.8246687,0.00724814078539173
23.8506498,0.00717860543456929
23.8766309,0.00710867321442141
23.902612,0.00703834366007725
23.9285931,0.00696761648040995
23.9545742,0.00689649155803666
23.9805553,0.00682496894931873
24.0065364,0.00675304888436127
24.0325175,0.00668073176701361
24.0584986,0.00660801817486947
24.0844797,0.00653490885926601
24.1104608,0.00646140474528484
24.1364419,0.00638750693175157
24.162423,0.0063132166912357
24.1884041,0.00623853547005093
24.2143852,0.00616346488825508
24.2403663,0.00608800673964987
24.2663474,0.00601216299178114
24.2923285,0.00593593578593885
24.3183096,0.00585932743715684
24.3442907,0.00578234043421303
24.3702718,0.00570497743962972
24.3962529,0.00562724128967292
24.422234,0.00554913499435274
24.4482151,0.0054706617374235
24.4741962,0.00539182487638334
24.5001773,0.00531262794247465
24.5261584,0.00523307464068379
24.5521395,0.00515316884974124
24.5781206,0.00507291462212148
24.6041017,0.00499231618404308
24.6300828,0.00491137793546854
24.6560639,0.00483010445010449
24.682045,0.00474850047540182
24.7080261,0.00466657093255524
24.7340072,0.00458432091650344
24.7599883,0.00450175569592946
24.7859694,0.00441888071326007
24.8119505,0.00433570158466633
24.8379316,0.00425222410006325
24.8639127,0.00416845422310994
24.8898938,0.00408439809120953
24.9158749,0.00400006201550927
24.941856,0.00391545248090031
24.9678371,0.00383057614601801
24.9938182,0.00374543984324166
25.0197993,0.00366005057869482
25.0457804,0.00357441553224487
25.0717615,0.00348854205750345
25.0977426,0.00340243768182594
25.1237237,0.00331611010631208
25.1497048,0.00322956720580554
25.1756859,0.00314281702889406
25.201667,0.00305586779790947
25.2276481,0.00296872790892762
25.2536292,0.00288140593176835
25.2796103,0.00279391060999565
25.3055914,0.00270625086091751
25.3315725,0.00261843577558607
25.3575536,0.00253047461879745
25.3835347,0.0024423768290918
25.4095158,0.00235415201875329
25.4354969,0.00226580997381026
25.461478,0.00217736065403505
25.4874591,0.00208881419294406
25.5134402,0.00200018089779772
25.5394213,0.00191147124960056
25.5654024,0.00182269590310114
25.5913835,0.00173386568679203
25.6173646,0.00164499160290988
25.6433457,0.00155608482743549
25.6693268,0.0014671567100936
25.6953079,0.00137821877435304
25.721289,0.00128928271742671
25.7472701,0.00120036041027154
25.7732512,0.00111146389758848
25.7992323,0.00102260539782261
25.8252134,0.000933797303163033
25.8511945,0.000845052179542909
25.8771756,0.000756382766639465
25.9031567,0.000667801977873925
25.9291378,0.000579322900411615
25.9551189,0.000490958795161939
25.9811,0.000402723096778305
